{
  "categories": [
    {
      "id": 0,
      "name": "Andrea Lopez"
    },
    {
      "id": 1,
      "name": "Anyi Becerra"
    },
    {
      "id": 2,
      "name": "Cristhian Tapiero"
    },
    {
      "id": 3,
      "name": "Daniela Fierro"
    },
    {
      "id": 4,
      "name": "Diego Pati\u00f1o"
    },
    {
      "id": 5,
      "name": "Johel Arias"
    },
    {
      "id": 6,
      "name": "Marcela Cifuentes"
    },
    {
      "id": 7,
      "name": "Mauricio Alonso"
    },
    {
      "id": 8,
      "name": "Pablo Carre\u00f1o"
    }
  ],
  "info": {
    "year": 2025,
    "version": "1.0",
    "contributor": "Label Studio"
  }
}